mean_fit_time,std_fit_time,mean_score_time,std_score_time,param_max_depth,param_max_features,param_min_samples_leaf,param_min_samples_split,param_n_estimators,params,split0_test_score,split1_test_score,split2_test_score,split3_test_score,split4_test_score,mean_test_score,std_test_score,rank_test_score,split0_train_score,split1_train_score,split2_train_score,split3_train_score,split4_train_score,mean_train_score,std_train_score
0.616055965423584,0.04846237559210062,0.05663347244262695,0.0041821621082409905,30,sqrt,1,5,200,"{'max_depth': 30, 'max_features': 'sqrt', 'min_samples_leaf': 1, 'min_samples_split': 5, 'n_estimators': 200}",1.0,1.0,0.9914772727272727,0.9886363636363636,1.0,0.9960227272727273,0.004953294254023494,1,1.0,1.0,1.0,0.9992897727272727,1.0,0.9998579545454545,0.0002840909090909172
0.6184247493743896,0.035842267543844036,0.05598835945129395,0.003994685035818665,20,sqrt,1,5,200,"{'max_depth': 20, 'max_features': 'sqrt', 'min_samples_leaf': 1, 'min_samples_split': 5, 'n_estimators': 200}",1.0,1.0,0.9914772727272727,0.9886363636363636,1.0,0.9960227272727273,0.004953294254023494,1,1.0,1.0,1.0,0.9992897727272727,1.0,0.9998579545454545,0.0002840909090909172
0.6039102077484131,0.059865880542867324,0.04972243309020996,0.010511790310055922,,sqrt,1,5,200,"{'max_depth': None, 'max_features': 'sqrt', 'min_samples_leaf': 1, 'min_samples_split': 5, 'n_estimators': 200}",1.0,1.0,0.9914772727272727,0.9886363636363636,1.0,0.9960227272727273,0.004953294254023494,1,1.0,1.0,1.0,0.9992897727272727,1.0,0.9998579545454545,0.0002840909090909172
0.5994034290313721,0.03472163329209279,0.058751153945922854,0.008570255939297873,,log2,1,5,200,"{'max_depth': None, 'max_features': 'log2', 'min_samples_leaf': 1, 'min_samples_split': 5, 'n_estimators': 200}",1.0,1.0,0.9914772727272727,0.9886363636363636,1.0,0.9960227272727273,0.004953294254023494,1,1.0,1.0,1.0,0.9992897727272727,1.0,0.9998579545454545,0.0002840909090909172
0.6892403125762939,0.05503006707548652,0.05661883354187012,0.009556157168395451,30,log2,1,5,200,"{'max_depth': 30, 'max_features': 'log2', 'min_samples_leaf': 1, 'min_samples_split': 5, 'n_estimators': 200}",1.0,1.0,0.9914772727272727,0.9886363636363636,1.0,0.9960227272727273,0.004953294254023494,1,1.0,1.0,1.0,0.9992897727272727,1.0,0.9998579545454545,0.0002840909090909172
0.6085548400878906,0.028001008801448353,0.06701898574829102,0.013598216673315653,20,log2,1,5,200,"{'max_depth': 20, 'max_features': 'log2', 'min_samples_leaf': 1, 'min_samples_split': 5, 'n_estimators': 200}",1.0,1.0,0.9914772727272727,0.9886363636363636,1.0,0.9960227272727273,0.004953294254023494,1,1.0,1.0,1.0,0.9992897727272727,1.0,0.9998579545454545,0.0002840909090909172
0.8937441349029541,0.05984766946703284,0.08420953750610352,0.010236848877820656,20,log2,2,5,300,"{'max_depth': 20, 'max_features': 'log2', 'min_samples_leaf': 2, 'min_samples_split': 5, 'n_estimators': 300}",1.0,1.0,0.9857954545454546,0.9886363636363636,1.0,0.9948863636363636,0.006327004957761375,7,1.0,1.0,1.0,0.9992897727272727,1.0,0.9998579545454545,0.0002840909090909172
0.9484189033508301,0.06947563913607854,0.08505334854125976,0.005958175409602643,30,sqrt,2,5,300,"{'max_depth': 30, 'max_features': 'sqrt', 'min_samples_leaf': 2, 'min_samples_split': 5, 'n_estimators': 300}",1.0,1.0,0.9857954545454546,0.9886363636363636,1.0,0.9948863636363636,0.006327004957761375,7,1.0,1.0,1.0,0.9992897727272727,1.0,0.9998579545454545,0.0002840909090909172
0.8374073505401611,0.0914143772829092,0.07835440635681153,0.0024015636668886114,,log2,2,5,300,"{'max_depth': None, 'max_features': 'log2', 'min_samples_leaf': 2, 'min_samples_split': 5, 'n_estimators': 300}",1.0,1.0,0.9857954545454546,0.9886363636363636,1.0,0.9948863636363636,0.006327004957761375,7,1.0,1.0,1.0,0.9992897727272727,1.0,0.9998579545454545,0.0002840909090909172
1.028667974472046,0.07032809460227137,0.0759385108947754,0.004766155623042724,30,log2,2,5,300,"{'max_depth': 30, 'max_features': 'log2', 'min_samples_leaf': 2, 'min_samples_split': 5, 'n_estimators': 300}",1.0,1.0,0.9857954545454546,0.9886363636363636,1.0,0.9948863636363636,0.006327004957761375,7,1.0,1.0,1.0,0.9992897727272727,1.0,0.9998579545454545,0.0002840909090909172
0.8987051010131836,0.0988175529755405,0.082464599609375,0.006992619685315461,20,sqrt,2,5,300,"{'max_depth': 20, 'max_features': 'sqrt', 'min_samples_leaf': 2, 'min_samples_split': 5, 'n_estimators': 300}",1.0,1.0,0.9857954545454546,0.9886363636363636,1.0,0.9948863636363636,0.006327004957761375,7,1.0,1.0,1.0,0.9992897727272727,1.0,0.9998579545454545,0.0002840909090909172
0.8938168048858642,0.1117208887844312,0.07112417221069336,0.004765242030265759,,sqrt,2,5,300,"{'max_depth': None, 'max_features': 'sqrt', 'min_samples_leaf': 2, 'min_samples_split': 5, 'n_estimators': 300}",1.0,1.0,0.9857954545454546,0.9886363636363636,1.0,0.9948863636363636,0.006327004957761375,7,1.0,1.0,1.0,0.9992897727272727,1.0,0.9998579545454545,0.0002840909090909172
0.9626173973083496,0.0818222493229657,0.08090076446533204,0.004282551366972163,20,log2,1,5,300,"{'max_depth': 20, 'max_features': 'log2', 'min_samples_leaf': 1, 'min_samples_split': 5, 'n_estimators': 300}",1.0,0.9971590909090909,0.9857954545454546,0.9886363636363636,1.0,0.9943181818181819,0.005959141182784941,13,1.0,1.0,1.0,1.0,1.0,1.0,0.0
1.6264881134033202,0.09782074903431255,0.1391420841217041,0.012380250795798842,20,log2,1,5,500,"{'max_depth': 20, 'max_features': 'log2', 'min_samples_leaf': 1, 'min_samples_split': 5, 'n_estimators': 500}",1.0,0.9971590909090909,0.9857954545454546,0.9886363636363636,1.0,0.9943181818181819,0.005959141182784941,13,1.0,1.0,1.0,1.0,1.0,1.0,0.0
1.5738260269165039,0.1595177026825312,0.11992979049682617,0.008720123494974018,10,sqrt,1,5,500,"{'max_depth': 10, 'max_features': 'sqrt', 'min_samples_leaf': 1, 'min_samples_split': 5, 'n_estimators': 500}",1.0,0.9971590909090909,0.9857954545454546,0.9886363636363636,1.0,0.9943181818181819,0.005959141182784941,13,0.9971590909090909,0.9992897727272727,0.9971590909090909,0.9978693181818182,0.9985795454545454,0.9980113636363637,0.0008282602123359542
1.660194492340088,0.059384043832993776,0.13257594108581544,0.006911738372644184,20,sqrt,1,5,500,"{'max_depth': 20, 'max_features': 'sqrt', 'min_samples_leaf': 1, 'min_samples_split': 5, 'n_estimators': 500}",1.0,0.9971590909090909,0.9857954545454546,0.9886363636363636,1.0,0.9943181818181819,0.005959141182784941,13,1.0,1.0,1.0,1.0,1.0,1.0,0.0
0.9208037376403808,0.059051576455477796,0.0930595874786377,0.011858403895295072,20,sqrt,1,5,300,"{'max_depth': 20, 'max_features': 'sqrt', 'min_samples_leaf': 1, 'min_samples_split': 5, 'n_estimators': 300}",1.0,0.9971590909090909,0.9857954545454546,0.9886363636363636,1.0,0.9943181818181819,0.005959141182784941,13,1.0,1.0,1.0,1.0,1.0,1.0,0.0
1.5812955856323243,0.051963757396491554,0.1493762493133545,0.03692230625856253,10,log2,1,5,500,"{'max_depth': 10, 'max_features': 'log2', 'min_samples_leaf': 1, 'min_samples_split': 5, 'n_estimators': 500}",1.0,0.9971590909090909,0.9857954545454546,0.9886363636363636,1.0,0.9943181818181819,0.005959141182784941,13,0.9971590909090909,0.9992897727272727,0.9971590909090909,0.9978693181818182,0.9985795454545454,0.9980113636363637,0.0008282602123359542
0.6365603446960449,0.056594029713988636,0.05600309371948242,0.0030435479231784436,30,sqrt,1,2,200,"{'max_depth': 30, 'max_features': 'sqrt', 'min_samples_leaf': 1, 'min_samples_split': 2, 'n_estimators': 200}",1.0,0.9971590909090909,0.9886363636363636,0.9886363636363636,0.9971590909090909,0.9943181818181819,0.004753750150761795,13,1.0,1.0,1.0,1.0,1.0,1.0,0.0
0.5991384029388428,0.044231940898166046,0.05848870277404785,0.004208352030930201,20,sqrt,1,2,200,"{'max_depth': 20, 'max_features': 'sqrt', 'min_samples_leaf': 1, 'min_samples_split': 2, 'n_estimators': 200}",1.0,0.9971590909090909,0.9886363636363636,0.9886363636363636,0.9971590909090909,0.9943181818181819,0.004753750150761795,13,1.0,1.0,1.0,1.0,1.0,1.0,0.0
0.7282633304595947,0.0805272856896424,0.05479850769042969,0.0073354044119001245,20,log2,1,2,200,"{'max_depth': 20, 'max_features': 'log2', 'min_samples_leaf': 1, 'min_samples_split': 2, 'n_estimators': 200}",1.0,0.9971590909090909,0.9886363636363636,0.9886363636363636,0.9971590909090909,0.9943181818181819,0.004753750150761795,13,1.0,1.0,1.0,1.0,1.0,1.0,0.0
0.6166605472564697,0.06043935405775896,0.06308426856994628,0.008586527053024384,,sqrt,1,2,200,"{'max_depth': None, 'max_features': 'sqrt', 'min_samples_leaf': 1, 'min_samples_split': 2, 'n_estimators': 200}",1.0,0.9971590909090909,0.9886363636363636,0.9886363636363636,0.9971590909090909,0.9943181818181819,0.004753750150761795,13,1.0,1.0,1.0,1.0,1.0,1.0,0.0
1.6406232357025146,0.06852589187113375,0.13312649726867676,0.009907537585143589,30,sqrt,1,5,500,"{'max_depth': 30, 'max_features': 'sqrt', 'min_samples_leaf': 1, 'min_samples_split': 5, 'n_estimators': 500}",1.0,0.9971590909090909,0.9857954545454546,0.9886363636363636,1.0,0.9943181818181819,0.005959141182784941,13,1.0,1.0,1.0,1.0,1.0,1.0,0.0
1.571189785003662,0.07632652707758476,0.11807498931884766,0.003249174563242773,,log2,1,5,500,"{'max_depth': None, 'max_features': 'log2', 'min_samples_leaf': 1, 'min_samples_split': 5, 'n_estimators': 500}",1.0,0.9971590909090909,0.9857954545454546,0.9886363636363636,1.0,0.9943181818181819,0.005959141182784941,13,1.0,1.0,1.0,1.0,1.0,1.0,0.0
0.914271354675293,0.0671574621734943,0.08161182403564453,0.005768675344081647,,log2,1,5,300,"{'max_depth': None, 'max_features': 'log2', 'min_samples_leaf': 1, 'min_samples_split': 5, 'n_estimators': 300}",1.0,0.9971590909090909,0.9857954545454546,0.9886363636363636,1.0,0.9943181818181819,0.005959141182784941,13,1.0,1.0,1.0,1.0,1.0,1.0,0.0
1.7822977542877196,0.10115004354981046,0.1296839237213135,0.022013122594753038,30,log2,1,5,500,"{'max_depth': 30, 'max_features': 'log2', 'min_samples_leaf': 1, 'min_samples_split': 5, 'n_estimators': 500}",1.0,0.9971590909090909,0.9857954545454546,0.9886363636363636,1.0,0.9943181818181819,0.005959141182784941,13,1.0,1.0,1.0,1.0,1.0,1.0,0.0
0.8626021862030029,0.07746293846152366,0.06200013160705566,0.0056262267315289475,,sqrt,1,5,300,"{'max_depth': None, 'max_features': 'sqrt', 'min_samples_leaf': 1, 'min_samples_split': 5, 'n_estimators': 300}",1.0,0.9971590909090909,0.9857954545454546,0.9886363636363636,1.0,0.9943181818181819,0.005959141182784941,13,1.0,1.0,1.0,1.0,1.0,1.0,0.0
0.6082037925720215,0.04522017470506546,0.06492400169372559,0.004633692898825078,,log2,1,2,200,"{'max_depth': None, 'max_features': 'log2', 'min_samples_leaf': 1, 'min_samples_split': 2, 'n_estimators': 200}",1.0,0.9971590909090909,0.9886363636363636,0.9886363636363636,0.9971590909090909,0.9943181818181819,0.004753750150761795,13,1.0,1.0,1.0,1.0,1.0,1.0,0.0
0.7017903327941895,0.1154739276282749,0.059451055526733396,0.00439719501192319,30,log2,1,2,200,"{'max_depth': 30, 'max_features': 'log2', 'min_samples_leaf': 1, 'min_samples_split': 2, 'n_estimators': 200}",1.0,0.9971590909090909,0.9886363636363636,0.9886363636363636,0.9971590909090909,0.9943181818181819,0.004753750150761795,13,1.0,1.0,1.0,1.0,1.0,1.0,0.0
1.5955424308776855,0.15431000682504678,0.11228008270263672,0.018527682272143773,,sqrt,1,5,500,"{'max_depth': None, 'max_features': 'sqrt', 'min_samples_leaf': 1, 'min_samples_split': 5, 'n_estimators': 500}",1.0,0.9971590909090909,0.9857954545454546,0.9886363636363636,1.0,0.9943181818181819,0.005959141182784941,13,1.0,1.0,1.0,1.0,1.0,1.0,0.0
0.985907793045044,0.09120858970286817,0.12501296997070313,0.08213639674382758,30,sqrt,1,5,300,"{'max_depth': 30, 'max_features': 'sqrt', 'min_samples_leaf': 1, 'min_samples_split': 5, 'n_estimators': 300}",1.0,0.9971590909090909,0.9857954545454546,0.9886363636363636,1.0,0.9943181818181819,0.005959141182784941,13,1.0,1.0,1.0,1.0,1.0,1.0,0.0
1.0893895626068115,0.15496312192113695,0.0821423053741455,0.003248836872289341,30,log2,1,5,300,"{'max_depth': 30, 'max_features': 'log2', 'min_samples_leaf': 1, 'min_samples_split': 5, 'n_estimators': 300}",1.0,0.9971590909090909,0.9857954545454546,0.9886363636363636,1.0,0.9943181818181819,0.005959141182784941,13,1.0,1.0,1.0,1.0,1.0,1.0,0.0
1.0161243438720704,0.14499219926917337,0.0810582160949707,0.007824257533587325,20,sqrt,1,2,300,"{'max_depth': 20, 'max_features': 'sqrt', 'min_samples_leaf': 1, 'min_samples_split': 2, 'n_estimators': 300}",1.0,0.9971590909090909,0.9857954545454546,0.9886363636363636,0.9971590909090909,0.99375,0.005508727110700368,33,1.0,1.0,1.0,1.0,1.0,1.0,0.0
1.666170358657837,0.19075359304281939,0.12588157653808593,0.009773417865765547,20,sqrt,1,2,500,"{'max_depth': 20, 'max_features': 'sqrt', 'min_samples_leaf': 1, 'min_samples_split': 2, 'n_estimators': 500}",1.0,0.9971590909090909,0.9857954545454546,0.9886363636363636,0.9971590909090909,0.99375,0.005508727110700368,33,1.0,1.0,1.0,1.0,1.0,1.0,0.0
0.9823448181152343,0.07562364982103252,0.08441543579101562,0.004724113274003027,30,log2,2,2,300,"{'max_depth': 30, 'max_features': 'log2', 'min_samples_leaf': 2, 'min_samples_split': 2, 'n_estimators': 300}",1.0,1.0,0.9829545454545454,0.9886363636363636,0.9971590909090909,0.99375,0.006818181818181833,33,1.0,1.0,0.9992897727272727,1.0,1.0,0.9998579545454545,0.00028409090909091715
0.8997433185577393,0.06202018806298595,0.08392539024353027,0.0024691205563132515,20,sqrt,2,2,300,"{'max_depth': 20, 'max_features': 'sqrt', 'min_samples_leaf': 2, 'min_samples_split': 2, 'n_estimators': 300}",1.0,1.0,0.9829545454545454,0.9886363636363636,0.9971590909090909,0.99375,0.006818181818181833,33,1.0,1.0,0.9992897727272727,1.0,1.0,0.9998579545454545,0.00028409090909091715
0.9546816349029541,0.11534448804667308,0.0923738956451416,0.014341908596515036,20,log2,1,2,300,"{'max_depth': 20, 'max_features': 'log2', 'min_samples_leaf': 1, 'min_samples_split': 2, 'n_estimators': 300}",1.0,0.9971590909090909,0.9857954545454546,0.9886363636363636,0.9971590909090909,0.99375,0.005508727110700368,33,1.0,1.0,1.0,1.0,1.0,1.0,0.0
1.7274330139160157,0.1081404601236475,0.13402104377746582,0.008160366499886346,30,log2,1,2,500,"{'max_depth': 30, 'max_features': 'log2', 'min_samples_leaf': 1, 'min_samples_split': 2, 'n_estimators': 500}",1.0,0.9971590909090909,0.9857954545454546,0.9886363636363636,0.9971590909090909,0.99375,0.005508727110700368,33,1.0,1.0,1.0,1.0,1.0,1.0,0.0
1.6926875114440918,0.1117589846918392,0.13403377532958985,0.00875252250653515,20,log2,1,2,500,"{'max_depth': 20, 'max_features': 'log2', 'min_samples_leaf': 1, 'min_samples_split': 2, 'n_estimators': 500}",1.0,0.9971590909090909,0.9857954545454546,0.9886363636363636,0.9971590909090909,0.99375,0.005508727110700368,33,1.0,1.0,1.0,1.0,1.0,1.0,0.0
0.938045072555542,0.08174666792639097,0.09182376861572265,0.011506891687795544,30,log2,1,2,300,"{'max_depth': 30, 'max_features': 'log2', 'min_samples_leaf': 1, 'min_samples_split': 2, 'n_estimators': 300}",1.0,0.9971590909090909,0.9857954545454546,0.9886363636363636,0.9971590909090909,0.99375,0.005508727110700368,33,1.0,1.0,1.0,1.0,1.0,1.0,0.0
1.7291159629821777,0.08638268765782148,0.12388567924499512,0.005265865259380588,30,sqrt,2,5,500,"{'max_depth': 30, 'max_features': 'sqrt', 'min_samples_leaf': 2, 'min_samples_split': 5, 'n_estimators': 500}",1.0,0.9971590909090909,0.9857954545454546,0.9886363636363636,0.9971590909090909,0.99375,0.005508727110700368,33,1.0,1.0,1.0,0.9992897727272727,1.0,0.9998579545454545,0.0002840909090909172
1.0265541553497315,0.1752638297269223,0.08057670593261719,0.002013123611983544,20,log2,2,2,300,"{'max_depth': 20, 'max_features': 'log2', 'min_samples_leaf': 2, 'min_samples_split': 2, 'n_estimators': 300}",1.0,1.0,0.9829545454545454,0.9886363636363636,0.9971590909090909,0.99375,0.006818181818181833,33,1.0,1.0,0.9992897727272727,1.0,1.0,0.9998579545454545,0.00028409090909091715
1.7382151126861571,0.1330799967847566,0.1285395622253418,0.0069099079292234255,20,log2,2,5,500,"{'max_depth': 20, 'max_features': 'log2', 'min_samples_leaf': 2, 'min_samples_split': 5, 'n_estimators': 500}",1.0,0.9971590909090909,0.9857954545454546,0.9886363636363636,0.9971590909090909,0.99375,0.005508727110700368,33,1.0,1.0,1.0,0.9992897727272727,1.0,0.9998579545454545,0.0002840909090909172
0.9653276920318603,0.05196325150794872,0.07693510055541992,0.01112298466858604,30,sqrt,1,2,300,"{'max_depth': 30, 'max_features': 'sqrt', 'min_samples_leaf': 1, 'min_samples_split': 2, 'n_estimators': 300}",1.0,0.9971590909090909,0.9857954545454546,0.9886363636363636,0.9971590909090909,0.99375,0.005508727110700368,33,1.0,1.0,1.0,1.0,1.0,1.0,0.0
0.9328057765960693,0.0656771630309915,0.08303847312927246,0.003255148495851217,30,sqrt,2,2,300,"{'max_depth': 30, 'max_features': 'sqrt', 'min_samples_leaf': 2, 'min_samples_split': 2, 'n_estimators': 300}",1.0,1.0,0.9829545454545454,0.9886363636363636,0.9971590909090909,0.99375,0.006818181818181833,33,1.0,1.0,0.9992897727272727,1.0,1.0,0.9998579545454545,0.00028409090909091715
1.714335060119629,0.15693743338945504,0.11097550392150879,0.022956378930447177,20,sqrt,2,5,500,"{'max_depth': 20, 'max_features': 'sqrt', 'min_samples_leaf': 2, 'min_samples_split': 5, 'n_estimators': 500}",1.0,0.9971590909090909,0.9857954545454546,0.9886363636363636,0.9971590909090909,0.99375,0.005508727110700368,33,1.0,1.0,1.0,0.9992897727272727,1.0,0.9998579545454545,0.0002840909090909172
1.762939977645874,0.09683683609794856,0.1289306640625,0.006031067537547545,30,sqrt,1,2,500,"{'max_depth': 30, 'max_features': 'sqrt', 'min_samples_leaf': 1, 'min_samples_split': 2, 'n_estimators': 500}",1.0,0.9971590909090909,0.9857954545454546,0.9886363636363636,0.9971590909090909,0.99375,0.005508727110700368,33,1.0,1.0,1.0,1.0,1.0,1.0,0.0
1.325624942779541,0.24716173983800835,0.1032477855682373,0.019685854747025215,30,log2,2,5,500,"{'max_depth': 30, 'max_features': 'log2', 'min_samples_leaf': 2, 'min_samples_split': 5, 'n_estimators': 500}",1.0,0.9971590909090909,0.9857954545454546,0.9886363636363636,0.9971590909090909,0.99375,0.005508727110700368,33,1.0,1.0,1.0,0.9992897727272727,1.0,0.9998579545454545,0.0002840909090909172
1.4776626110076905,0.03992364172152903,0.12528376579284667,0.011659870366984662,,sqrt,2,5,500,"{'max_depth': None, 'max_features': 'sqrt', 'min_samples_leaf': 2, 'min_samples_split': 5, 'n_estimators': 500}",1.0,0.9971590909090909,0.9857954545454546,0.9886363636363636,0.9971590909090909,0.99375,0.005508727110700368,33,1.0,1.0,1.0,0.9992897727272727,1.0,0.9998579545454545,0.0002840909090909172
0.9034500122070312,0.09572644589727769,0.07202186584472656,0.005293012584577432,,log2,2,2,300,"{'max_depth': None, 'max_features': 'log2', 'min_samples_leaf': 2, 'min_samples_split': 2, 'n_estimators': 300}",1.0,1.0,0.9829545454545454,0.9886363636363636,0.9971590909090909,0.99375,0.006818181818181833,33,1.0,1.0,0.9992897727272727,1.0,1.0,0.9998579545454545,0.00028409090909091715
0.8926341533660889,0.14728022684135644,0.08164572715759277,0.0021425371070778083,10,sqrt,1,5,300,"{'max_depth': 10, 'max_features': 'sqrt', 'min_samples_leaf': 1, 'min_samples_split': 5, 'n_estimators': 300}",1.0,0.9971590909090909,0.9829545454545454,0.9886363636363636,1.0,0.99375,0.006818181818181833,33,0.9971590909090909,0.9992897727272727,0.9971590909090909,0.9978693181818182,0.9985795454545454,0.9980113636363637,0.0008282602123359542
0.5871533393859864,0.06215105944093981,0.05481166839599609,0.005608152346187398,10,sqrt,2,2,200,"{'max_depth': 10, 'max_features': 'sqrt', 'min_samples_leaf': 2, 'min_samples_split': 2, 'n_estimators': 200}",1.0,0.9971590909090909,0.9857954545454546,0.9886363636363636,0.9971590909090909,0.99375,0.005508727110700368,33,0.9971590909090909,0.9992897727272727,0.9971590909090909,0.9978693181818182,0.9978693181818182,0.9978693181818181,0.0007780149964561835
1.0100872039794921,0.13974254410274986,0.0791060447692871,0.0043980086573407445,10,sqrt,2,2,300,"{'max_depth': 10, 'max_features': 'sqrt', 'min_samples_leaf': 2, 'min_samples_split': 2, 'n_estimators': 300}",1.0,0.9971590909090909,0.9857954545454546,0.9886363636363636,0.9971590909090909,0.99375,0.005508727110700368,33,0.9971590909090909,0.9992897727272727,0.9971590909090909,0.9978693181818182,0.9985795454545454,0.9980113636363637,0.0008282602123359542
1.5163456439971923,0.06495873091720043,0.12386951446533204,0.023517627611446542,,log2,1,2,500,"{'max_depth': None, 'max_features': 'log2', 'min_samples_leaf': 1, 'min_samples_split': 2, 'n_estimators': 500}",1.0,0.9971590909090909,0.9857954545454546,0.9886363636363636,0.9971590909090909,0.99375,0.005508727110700368,33,1.0,1.0,1.0,1.0,1.0,1.0,0.0
0.8723264217376709,0.11416667685382192,0.08168978691101074,0.004189596231818677,,log2,1,2,300,"{'max_depth': None, 'max_features': 'log2', 'min_samples_leaf': 1, 'min_samples_split': 2, 'n_estimators': 300}",1.0,0.9971590909090909,0.9857954545454546,0.9886363636363636,0.9971590909090909,0.99375,0.005508727110700368,33,1.0,1.0,1.0,1.0,1.0,1.0,0.0
1.5374608993530274,0.053865345516365876,0.13466625213623046,0.008413914779838856,,log2,2,5,500,"{'max_depth': None, 'max_features': 'log2', 'min_samples_leaf': 2, 'min_samples_split': 5, 'n_estimators': 500}",1.0,0.9971590909090909,0.9857954545454546,0.9886363636363636,0.9971590909090909,0.99375,0.005508727110700368,33,1.0,1.0,1.0,0.9992897727272727,1.0,0.9998579545454545,0.0002840909090909172
0.8833899974822998,0.08399255336001589,0.08013525009155273,0.0025730933071972896,10,log2,1,2,300,"{'max_depth': 10, 'max_features': 'log2', 'min_samples_leaf': 1, 'min_samples_split': 2, 'n_estimators': 300}",1.0,0.9971590909090909,0.9857954545454546,0.9886363636363636,0.9971590909090909,0.99375,0.005508727110700368,33,0.9971590909090909,0.9992897727272727,0.9971590909090909,0.9978693181818182,0.9978693181818182,0.9978693181818181,0.0007780149964561835
0.8079685688018798,0.07904009123538269,0.0726837158203125,0.01008966578279906,10,sqrt,1,2,300,"{'max_depth': 10, 'max_features': 'sqrt', 'min_samples_leaf': 1, 'min_samples_split': 2, 'n_estimators': 300}",1.0,0.9971590909090909,0.9857954545454546,0.9886363636363636,0.9971590909090909,0.99375,0.005508727110700368,33,0.9971590909090909,0.9992897727272727,0.9971590909090909,0.9978693181818182,0.9978693181818182,0.9978693181818181,0.0007780149964561835
0.8453248023986817,0.07923181387097882,0.08009934425354004,0.0011672799005480012,,sqrt,2,2,300,"{'max_depth': None, 'max_features': 'sqrt', 'min_samples_leaf': 2, 'min_samples_split': 2, 'n_estimators': 300}",1.0,1.0,0.9829545454545454,0.9886363636363636,0.9971590909090909,0.99375,0.006818181818181833,33,1.0,1.0,0.9992897727272727,1.0,1.0,0.9998579545454545,0.00028409090909091715
1.5386889934539796,0.12685519606211354,0.12755880355834961,0.016413649638405914,,sqrt,1,2,500,"{'max_depth': None, 'max_features': 'sqrt', 'min_samples_leaf': 1, 'min_samples_split': 2, 'n_estimators': 500}",1.0,0.9971590909090909,0.9857954545454546,0.9886363636363636,0.9971590909090909,0.99375,0.005508727110700368,33,1.0,1.0,1.0,1.0,1.0,1.0,0.0
0.835172176361084,0.06566388401683736,0.07224540710449219,0.01965998344700864,,sqrt,1,2,300,"{'max_depth': None, 'max_features': 'sqrt', 'min_samples_leaf': 1, 'min_samples_split': 2, 'n_estimators': 300}",1.0,0.9971590909090909,0.9857954545454546,0.9886363636363636,0.9971590909090909,0.99375,0.005508727110700368,33,1.0,1.0,1.0,1.0,1.0,1.0,0.0
0.9209819793701172,0.1019271403623726,0.08383526802062988,0.013775850807660533,10,log2,1,5,300,"{'max_depth': 10, 'max_features': 'log2', 'min_samples_leaf': 1, 'min_samples_split': 5, 'n_estimators': 300}",1.0,0.9971590909090909,0.9829545454545454,0.9886363636363636,1.0,0.99375,0.006818181818181833,33,0.9971590909090909,0.9992897727272727,0.9971590909090909,0.9978693181818182,0.9985795454545454,0.9980113636363637,0.0008282602123359542
0.6682456016540528,0.07240274511261645,0.05309443473815918,0.008383320056508646,10,log2,2,2,200,"{'max_depth': 10, 'max_features': 'log2', 'min_samples_leaf': 2, 'min_samples_split': 2, 'n_estimators': 200}",1.0,0.9971590909090909,0.9857954545454546,0.9886363636363636,0.9971590909090909,0.99375,0.005508727110700368,33,0.9971590909090909,0.9992897727272727,0.9971590909090909,0.9978693181818182,0.9978693181818182,0.9978693181818181,0.0007780149964561835
0.8651028156280518,0.036945841167315946,0.07676386833190918,0.005408392029693336,10,log2,2,2,300,"{'max_depth': 10, 'max_features': 'log2', 'min_samples_leaf': 2, 'min_samples_split': 2, 'n_estimators': 300}",1.0,0.9971590909090909,0.9857954545454546,0.9886363636363636,0.9971590909090909,0.99375,0.005508727110700368,33,0.9971590909090909,0.9992897727272727,0.9971590909090909,0.9978693181818182,0.9985795454545454,0.9980113636363637,0.0008282602123359542
0.5866980075836181,0.06730260125975342,0.05798993110656738,0.0035583778652382857,,sqrt,2,5,200,"{'max_depth': None, 'max_features': 'sqrt', 'min_samples_leaf': 2, 'min_samples_split': 5, 'n_estimators': 200}",1.0,1.0,0.9829545454545454,0.9886363636363636,0.9943181818181818,0.9931818181818182,0.0066260816986878504,65,1.0,1.0,1.0,0.9992897727272727,1.0,0.9998579545454545,0.0002840909090909172
1.7330426216125487,0.08722492412350047,0.12373952865600586,0.011107829286986354,30,log2,2,2,500,"{'max_depth': 30, 'max_features': 'log2', 'min_samples_leaf': 2, 'min_samples_split': 2, 'n_estimators': 500}",1.0,0.9971590909090909,0.9829545454545454,0.9886363636363636,0.9971590909090909,0.9931818181818182,0.006377825091091965,65,1.0,1.0,1.0,1.0,1.0,1.0,0.0
0.6693717002868652,0.05715005631921169,0.05771560668945312,0.0016390870377084189,30,sqrt,2,5,200,"{'max_depth': 30, 'max_features': 'sqrt', 'min_samples_leaf': 2, 'min_samples_split': 5, 'n_estimators': 200}",1.0,1.0,0.9829545454545454,0.9886363636363636,0.9943181818181818,0.9931818181818182,0.0066260816986878504,65,1.0,1.0,1.0,0.9992897727272727,1.0,0.9998579545454545,0.0002840909090909172
1.643226957321167,0.07456102719669724,0.1315587043762207,0.0010780934193439045,30,sqrt,2,2,500,"{'max_depth': 30, 'max_features': 'sqrt', 'min_samples_leaf': 2, 'min_samples_split': 2, 'n_estimators': 500}",1.0,0.9971590909090909,0.9829545454545454,0.9886363636363636,0.9971590909090909,0.9931818181818182,0.006377825091091965,65,1.0,1.0,1.0,1.0,1.0,1.0,0.0
0.6738058090209961,0.060909932433206186,0.061161136627197264,0.007879121826731578,30,log2,2,5,200,"{'max_depth': 30, 'max_features': 'log2', 'min_samples_leaf': 2, 'min_samples_split': 5, 'n_estimators': 200}",1.0,1.0,0.9829545454545454,0.9886363636363636,0.9943181818181818,0.9931818181818182,0.0066260816986878504,65,1.0,1.0,1.0,0.9992897727272727,1.0,0.9998579545454545,0.0002840909090909172
1.5734843254089355,0.08228933720378115,0.13385534286499023,0.009166428521587448,,log2,2,2,500,"{'max_depth': None, 'max_features': 'log2', 'min_samples_leaf': 2, 'min_samples_split': 2, 'n_estimators': 500}",1.0,0.9971590909090909,0.9829545454545454,0.9886363636363636,0.9971590909090909,0.9931818181818182,0.006377825091091965,65,1.0,1.0,1.0,1.0,1.0,1.0,0.0
0.6378823757171631,0.052056426354209026,0.05587949752807617,0.009506100539258324,,log2,2,5,200,"{'max_depth': None, 'max_features': 'log2', 'min_samples_leaf': 2, 'min_samples_split': 5, 'n_estimators': 200}",1.0,1.0,0.9829545454545454,0.9886363636363636,0.9943181818181818,0.9931818181818182,0.0066260816986878504,65,1.0,1.0,1.0,0.9992897727272727,1.0,0.9998579545454545,0.0002840909090909172
1.4978707790374757,0.13284458212379396,0.13022642135620116,0.010266940464803986,,sqrt,2,2,500,"{'max_depth': None, 'max_features': 'sqrt', 'min_samples_leaf': 2, 'min_samples_split': 2, 'n_estimators': 500}",1.0,0.9971590909090909,0.9829545454545454,0.9886363636363636,0.9971590909090909,0.9931818181818182,0.006377825091091965,65,1.0,1.0,1.0,1.0,1.0,1.0,0.0
1.5274327754974366,0.1293655845999957,0.12518982887268065,0.004738464968271407,10,sqrt,1,2,500,"{'max_depth': 10, 'max_features': 'sqrt', 'min_samples_leaf': 1, 'min_samples_split': 2, 'n_estimators': 500}",1.0,0.9971590909090909,0.9829545454545454,0.9886363636363636,0.9971590909090909,0.9931818181818182,0.006377825091091965,65,0.9971590909090909,0.9992897727272727,0.9971590909090909,0.9985795454545454,0.9978693181818182,0.9980113636363637,0.0008282602123359542
1.5336370944976807,0.06618798550503915,0.12904787063598633,0.01751075935246792,10,log2,2,5,500,"{'max_depth': 10, 'max_features': 'log2', 'min_samples_leaf': 2, 'min_samples_split': 5, 'n_estimators': 500}",1.0,0.9971590909090909,0.9829545454545454,0.9886363636363636,0.9971590909090909,0.9931818181818182,0.006377825091091965,65,0.9971590909090909,0.9992897727272727,0.9971590909090909,0.9985795454545454,0.9978693181818182,0.9980113636363637,0.0008282602123359542
1.562846565246582,0.054723926173425634,0.12321481704711915,0.015578311213248102,10,sqrt,2,5,500,"{'max_depth': 10, 'max_features': 'sqrt', 'min_samples_leaf': 2, 'min_samples_split': 5, 'n_estimators': 500}",1.0,0.9971590909090909,0.9829545454545454,0.9886363636363636,0.9971590909090909,0.9931818181818182,0.006377825091091965,65,0.9971590909090909,0.9992897727272727,0.9971590909090909,0.9985795454545454,0.9978693181818182,0.9980113636363637,0.0008282602123359542
1.5802486419677735,0.06331949586451574,0.143172550201416,0.012084232758090547,10,log2,1,2,500,"{'max_depth': 10, 'max_features': 'log2', 'min_samples_leaf': 1, 'min_samples_split': 2, 'n_estimators': 500}",1.0,0.9971590909090909,0.9829545454545454,0.9886363636363636,0.9971590909090909,0.9931818181818182,0.006377825091091965,65,0.9971590909090909,0.9992897727272727,0.9971590909090909,0.9985795454545454,0.9978693181818182,0.9980113636363637,0.0008282602123359542
1.6518561840057373,0.07972435441422651,0.13895845413208008,0.020439366991777255,20,sqrt,2,2,500,"{'max_depth': 20, 'max_features': 'sqrt', 'min_samples_leaf': 2, 'min_samples_split': 2, 'n_estimators': 500}",1.0,0.9971590909090909,0.9829545454545454,0.9886363636363636,0.9971590909090909,0.9931818181818182,0.006377825091091965,65,1.0,1.0,1.0,1.0,1.0,1.0,0.0
0.639901876449585,0.09298015408743235,0.05850439071655274,0.003244600678069333,20,sqrt,2,5,200,"{'max_depth': 20, 'max_features': 'sqrt', 'min_samples_leaf': 2, 'min_samples_split': 5, 'n_estimators': 200}",1.0,1.0,0.9829545454545454,0.9886363636363636,0.9943181818181818,0.9931818181818182,0.0066260816986878504,65,1.0,1.0,1.0,0.9992897727272727,1.0,0.9998579545454545,0.0002840909090909172
0.5953242301940918,0.07110270941870449,0.060610055923461914,0.0064175534531397595,10,log2,1,2,200,"{'max_depth': 10, 'max_features': 'log2', 'min_samples_leaf': 1, 'min_samples_split': 2, 'n_estimators': 200}",1.0,0.9971590909090909,0.9829545454545454,0.9886363636363636,0.9971590909090909,0.9931818181818182,0.006377825091091965,65,0.9971590909090909,0.9992897727272727,0.9971590909090909,0.9978693181818182,0.9978693181818182,0.9978693181818181,0.0007780149964561835
0.6500848293304443,0.05473392302445278,0.060053682327270506,0.005727364382260404,10,sqrt,1,2,200,"{'max_depth': 10, 'max_features': 'sqrt', 'min_samples_leaf': 1, 'min_samples_split': 2, 'n_estimators': 200}",1.0,0.9971590909090909,0.9829545454545454,0.9886363636363636,0.9971590909090909,0.9931818181818182,0.006377825091091965,65,0.9971590909090909,0.9992897727272727,0.9971590909090909,0.9978693181818182,0.9978693181818182,0.9978693181818181,0.0007780149964561835
0.641433572769165,0.06347256090963992,0.0565549373626709,0.0037749503899814573,10,log2,1,5,200,"{'max_depth': 10, 'max_features': 'log2', 'min_samples_leaf': 1, 'min_samples_split': 5, 'n_estimators': 200}",1.0,0.9971590909090909,0.9829545454545454,0.9886363636363636,0.9971590909090909,0.9931818181818182,0.006377825091091965,65,0.9978693181818182,0.9992897727272727,0.9971590909090909,0.9978693181818182,0.9978693181818182,0.9980113636363637,0.0006958777678361091
1.590644359588623,0.1128320794585212,0.1467050075531006,0.04236494987980203,10,log2,2,2,500,"{'max_depth': 10, 'max_features': 'log2', 'min_samples_leaf': 2, 'min_samples_split': 2, 'n_estimators': 500}",1.0,0.9971590909090909,0.9829545454545454,0.9886363636363636,0.9971590909090909,0.9931818181818182,0.006377825091091965,65,0.9971590909090909,0.9992897727272727,0.9971590909090909,0.9978693181818182,0.9978693181818182,0.9978693181818181,0.0007780149964561835
1.6628214359283446,0.08341842614502847,0.12937417030334472,0.008682871288696055,20,log2,2,2,500,"{'max_depth': 20, 'max_features': 'log2', 'min_samples_leaf': 2, 'min_samples_split': 2, 'n_estimators': 500}",1.0,0.9971590909090909,0.9829545454545454,0.9886363636363636,0.9971590909090909,0.9931818181818182,0.006377825091091965,65,1.0,1.0,1.0,1.0,1.0,1.0,0.0
0.6373441219329834,0.07113715629699646,0.05865421295166016,0.0030826128782859992,20,log2,2,5,200,"{'max_depth': 20, 'max_features': 'log2', 'min_samples_leaf': 2, 'min_samples_split': 5, 'n_estimators': 200}",1.0,1.0,0.9829545454545454,0.9886363636363636,0.9943181818181818,0.9931818181818182,0.0066260816986878504,65,1.0,1.0,1.0,0.9992897727272727,1.0,0.9998579545454545,0.0002840909090909172
0.6723123550415039,0.06514694496678584,0.0629082202911377,0.01475443381833282,10,sqrt,1,5,200,"{'max_depth': 10, 'max_features': 'sqrt', 'min_samples_leaf': 1, 'min_samples_split': 5, 'n_estimators': 200}",1.0,0.9971590909090909,0.9829545454545454,0.9886363636363636,0.9971590909090909,0.9931818181818182,0.006377825091091965,65,0.9978693181818182,0.9992897727272727,0.9971590909090909,0.9978693181818182,0.9978693181818182,0.9980113636363637,0.0006958777678361091
1.4766330242156982,0.0829144027644531,0.12410874366760254,0.005965862060694418,10,sqrt,2,2,500,"{'max_depth': 10, 'max_features': 'sqrt', 'min_samples_leaf': 2, 'min_samples_split': 2, 'n_estimators': 500}",1.0,0.9971590909090909,0.9829545454545454,0.9886363636363636,0.9971590909090909,0.9931818181818182,0.006377825091091965,65,0.9971590909090909,0.9992897727272727,0.9971590909090909,0.9978693181818182,0.9978693181818182,0.9978693181818181,0.0007780149964561835
0.7744082450866699,0.09937408952618289,0.05691471099853516,0.009937092338029445,30,log2,2,2,200,"{'max_depth': 30, 'max_features': 'log2', 'min_samples_leaf': 2, 'min_samples_split': 2, 'n_estimators': 200}",1.0,0.9971590909090909,0.9829545454545454,0.9886363636363636,0.9943181818181818,0.9926136363636363,0.006119505462652859,87,1.0,1.0,1.0,1.0,1.0,1.0,0.0
0.6118897438049317,0.08022210423237029,0.05913777351379394,0.004089748104950362,20,log2,2,2,200,"{'max_depth': 20, 'max_features': 'log2', 'min_samples_leaf': 2, 'min_samples_split': 2, 'n_estimators': 200}",1.0,0.9971590909090909,0.9829545454545454,0.9886363636363636,0.9943181818181818,0.9926136363636363,0.006119505462652859,87,1.0,1.0,1.0,1.0,1.0,1.0,0.0
0.5616944313049317,0.062181749748956607,0.05736699104309082,0.0031966665177006943,,log2,2,2,200,"{'max_depth': None, 'max_features': 'log2', 'min_samples_leaf': 2, 'min_samples_split': 2, 'n_estimators': 200}",1.0,0.9971590909090909,0.9829545454545454,0.9886363636363636,0.9943181818181818,0.9926136363636363,0.006119505462652859,87,1.0,1.0,1.0,1.0,1.0,1.0,0.0
0.6268641948699951,0.048059020288474134,0.07519822120666504,0.03401926557319631,30,sqrt,2,2,200,"{'max_depth': 30, 'max_features': 'sqrt', 'min_samples_leaf': 2, 'min_samples_split': 2, 'n_estimators': 200}",1.0,0.9971590909090909,0.9829545454545454,0.9886363636363636,0.9943181818181818,0.9926136363636363,0.006119505462652859,87,1.0,1.0,1.0,1.0,1.0,1.0,0.0
0.5792452812194824,0.0878583380036623,0.052232551574707034,0.004702074871280469,,sqrt,2,2,200,"{'max_depth': None, 'max_features': 'sqrt', 'min_samples_leaf': 2, 'min_samples_split': 2, 'n_estimators': 200}",1.0,0.9971590909090909,0.9829545454545454,0.9886363636363636,0.9943181818181818,0.9926136363636363,0.006119505462652859,87,1.0,1.0,1.0,1.0,1.0,1.0,0.0
0.6053429126739502,0.04328660515719226,0.06129050254821777,0.00332100473126992,20,sqrt,2,2,200,"{'max_depth': 20, 'max_features': 'sqrt', 'min_samples_leaf': 2, 'min_samples_split': 2, 'n_estimators': 200}",1.0,0.9971590909090909,0.9829545454545454,0.9886363636363636,0.9943181818181818,0.9926136363636363,0.006119505462652859,87,1.0,1.0,1.0,1.0,1.0,1.0,0.0
0.9800872325897216,0.09740082133393486,0.07914347648620605,0.004318483831307151,10,log2,2,5,300,"{'max_depth': 10, 'max_features': 'log2', 'min_samples_leaf': 2, 'min_samples_split': 5, 'n_estimators': 300}",1.0,0.9971590909090909,0.9772727272727273,0.9886363636363636,0.9971590909090909,0.9920454545454547,0.008311783430868065,93,0.9971590909090909,0.9992897727272727,0.9971590909090909,0.9985795454545454,0.9978693181818182,0.9980113636363637,0.0008282602123359542
0.6130941390991211,0.056506257497915865,0.060460472106933595,0.007706975560292516,10,sqrt,2,5,200,"{'max_depth': 10, 'max_features': 'sqrt', 'min_samples_leaf': 2, 'min_samples_split': 5, 'n_estimators': 200}",1.0,0.9971590909090909,0.9772727272727273,0.9886363636363636,0.9971590909090909,0.9920454545454547,0.008311783430868065,93,0.9978693181818182,0.9992897727272727,0.9971590909090909,0.9978693181818182,0.9971590909090909,0.9978693181818181,0.0007780149964561835
0.9654454708099365,0.07590671003365326,0.09060125350952149,0.018075875079087866,10,sqrt,2,5,300,"{'max_depth': 10, 'max_features': 'sqrt', 'min_samples_leaf': 2, 'min_samples_split': 5, 'n_estimators': 300}",1.0,0.9971590909090909,0.9772727272727273,0.9886363636363636,0.9971590909090909,0.9920454545454547,0.008311783430868065,93,0.9971590909090909,0.9992897727272727,0.9971590909090909,0.9985795454545454,0.9978693181818182,0.9980113636363637,0.0008282602123359542
0.6072945594787598,0.053994905222604965,0.06686902046203613,0.020938311823805296,10,log2,2,5,200,"{'max_depth': 10, 'max_features': 'log2', 'min_samples_leaf': 2, 'min_samples_split': 5, 'n_estimators': 200}",1.0,0.9971590909090909,0.9772727272727273,0.9886363636363636,0.9971590909090909,0.9920454545454547,0.008311783430868065,93,0.9978693181818182,0.9992897727272727,0.9971590909090909,0.9978693181818182,0.9971590909090909,0.9978693181818181,0.0007780149964561835
